{"cameraMode":{"drawMode":0,"name":"Shaded","section":"Shading Mode"},"sceneLighting":true,"audioPlay":false,"sceneViewState":{"m_AlwaysRefresh":false,"showFog":true,"showSkybox":true,"showFlares":true,"showImageEffects":true,"showParticleSystems":true,"showVisualEffectGraphs":true,"m_FxEnabled":true},"in2DMode":false,"pivot":{"x":-1.1850842237472535,"y":-2.730039596557617,"z":-0.6196094751358032},"rotation":{"x":-0.015551268123090268,"y":-0.34565919637680056,"z":0.005508802365511656,"w":-0.9383399486541748},"size":1.569016456604004,"orthographic":false}