{"cameraMode":{"drawMode":0,"name":"Shaded","section":"Shading Mode"},"sceneLighting":true,"audioPlay":false,"sceneViewState":{"m_AlwaysRefresh":false,"showFog":true,"showSkybox":true,"showFlares":true,"showImageEffects":true,"showParticleSystems":true,"showVisualEffectGraphs":true,"m_FxEnabled":true},"in2DMode":false,"pivot":{"x":1064.099365234375,"y":75.85350036621094,"z":-110.41123962402344},"rotation":{"x":0.09460382908582688,"y":-0.036463722586631778,"z":0.003455203026533127,"w":0.9948468804359436},"size":5.107395172119141,"orthographic":false}