{"cameraMode":{"drawMode":0,"name":"Shaded","section":"Shading Mode"},"sceneLighting":false,"audioPlay":false,"sceneViewState":{"m_AlwaysRefresh":false,"showFog":true,"showSkybox":false,"showFlares":true,"showImageEffects":true,"showParticleSystems":true,"showVisualEffectGraphs":true,"m_FxEnabled":true},"in2DMode":false,"pivot":{"x":-3.1408307552337648,"y":-1.6237484216690064,"z":4.014172077178955},"rotation":{"x":0.14365048706531526,"y":-0.29025182127952578,"z":0.04430161416530609,"w":0.9450287222862244},"size":3.138032913208008,"orthographic":false}